{
	"QMainWindow":[
		{
			"tittle":"My New Tittle",
			"icon":":/icons/icons/github.svg",
			"frameless": true,
			"transluscentBg": true,
			"sizeGrip": "size_grip",
			"shadow":[
				{
					"color": "#fff",
					"blurRadius": 20,
					"xOffset": 0,
					"yOffset": 0,
					"centralWidget": "centralwidget"
				}
			],
			"navigation":[
				{
					"minimize":"minimize_window_button",
					"close": "close_window_button",
					"restore":[
						{	
							"buttonName": "restore_window_button",
							"normalIcon": ":/icons/icons/maximize-2.svg",
							"maximizedIcon": ":/icons/icons/minimize-2.svg"
						}
					],
					"moveWindow": "header_frame"
				}
			]
		}
	]
}
